Medical School Name;Website Address
Stanford Medicine;https://med.stanford.edu/md.html
NYU Grossman School of Medicine;https://med.nyu.edu
Harvard Medical School;https://meded.hms.harvard.edu/md-program-landing
UC Davis School of Medicine;https://health.ucdavis.edu/mdprogram/
Vanderbilt University School of Medicine;https://medschool.vanderbilt.edu/md-program/
UC San Diego School of Medicine;https://medschool.ucsd.edu/education/md-combined/index.html
Saint Louis University School of Medicine;https://www.slu.edu/medicine/medical-education/md/index.php
University of Washington School of Medicine;https://www.uwmedicine.org/school-of-medicine/md-program
University of Pennsylvania Perelman School of Medicine;https://www.med.upenn.edu/md/
Columbia University Vagelos College of Physicians and Surgeons;https://www.vagelos.columbia.edu/education/academic-programs/md-program
UC San Francisco School of Medicine;https://meded.ucsf.edu/md-program-admissions
Duke University School of Medicine;https://medschool.duke.edu/education/health-professions-education-programs/doctor-medicine-md-program
University of Chicago Pritzker School of Medicine;https://pritzker.uchicago.edu/academics/degree-programs
Johns Hopkins University School of Medicine;https://www.hopkinsmedicine.org/som/education-programs/md-program
University of Michigan Medical School;https://medschool.umich.edu/programs-admissions/md-program
Northwestern University Feinberg School of Medicine;https://www.feinberg.northwestern.edu/md-education/
Washington University School of Medicine in St. Louis;https://md.wustl.edu/
UCLA David Geffen School of Medicine;https://www.uclahealth.org/locations/david-geffen-school-medicine-ucla
University of Texas Southwestern Medical School;https://www.utsouthwestern.edu/education/medical-school/
University of Pittsburgh School of Medicine;https://www.omed.pitt.edu/
University of Virginia School of Medicine;https://med.virginia.edu/md-program/
University of Miami Miller School of Medicine;https://med.miami.edu/medical-education/medical-programs
University of Missouri School of Medicine;https://medicine.missouri.edu/offices-programs/education/medical-education-curriculum
University of South Alabama College of Medicine;https://www.southalabama.edu/colleges/com/
University of Kentucky College of Medicine;https://medicine.uky.edu/sites/meded/
University of Alabama at Birmingham School of Medicine;https://www.uab.edu/medicine/home/education/md-program
University of Illinois College of Medicine;https://medicine.illinois.edu
University of Wisconsin School of Medicine and Public Health;https://www.med.wisc.edu/education/md-program/
Indiana University School of Medicine;https://medicine.iu.edu/md
University of Iowa Roy J. and Lucille A. Carver College of Medicine;https://medicine.uiowa.edu/md/
University of Minnesota Medical School;https://med.umn.edu/education-training/doctor-medicine
University of Nebraska College of Medicine;https://www.unmc.edu/com/admissions/academic-programs/md-program/index.html
Ohio State University College of Medicine;https://medicine.osu.edu/education/md
University of Oklahoma College of Medicine;
University of Tennessee Health Science Center College of Medicine;https://www.uthsc.edu/medicine/admissions/general-info.php
University of Utah School of Medicine;https://medicine.utah.edu/programs/md
University of Arizona College of Medicine;https://medicine.arizona.edu/education/degree-programs/md-program
University of Colorado School of Medicine;https://medschool.cuanschutz.edu/education/current-students/curriculum/trek-curriculum
University of North Carolina at Chapel Hill School of Medicine;https://www.med.unc.edu/md/
University of Southern California Keck School of Medicine;https://keck.usc.edu/md-program/
University of Texas at Austin Dell Medical School;https://dellmed.utexas.edu/education/academics/undergraduate-medical-education
University of Vermont Larner College of Medicine;https://www.uvm.edu/larnermed
University of West Virginia School of Medicine;https://medicine.hsc.wvu.edu/students/md-program/
Baylor College of Medicine;https://www.bcm.edu/education/school-of-medicine/m-d-program
Boston University School of Medicine;https://www.bumc.bu.edu/medicine/
Case Western Reserve University School of Medicine;https://case.edu/medicine/education/medical-education/md-programs
Emory University School of Medicine;https://med.emory.edu/education/programs/md/index.html
Georgetown University School of Medicine;https://som.georgetown.edu/admissions/degrees-and-admissions/md/
Mayo Clinic Alix School of Medicine;https://college.mayo.edu/academics/mayo-clinic-alix-school-of-medicine/md-program/
Medical College of Wisconsin;https://www.mcw.edu/education/medical-school
Temple University Lewis Katz School of Medicine;https://medicine.temple.edu/education/md-program
Tufts University School of Medicine;https://medicine.tufts.edu/academics/medicine
University at Buffalo Jacobs School of Medicine and Biomedical Sciences;https://medicine.buffalo.edu/education/md.html
University of Cincinnati College of Medicine;https://med.uc.edu/education/medical-student-education/dual-programs/mstptraining/home
University of Florida College of Medicine;https://med.ufl.edu/education/medical-md/
University of Kansas Medical Center;https://www.kumc.edu/school-of-medicine/academics/degree-programs/m.d.-program.html
University of Maryland School of Medicine;http://www.aamp.umaryland.edu/
University of Massachusetts Medical School;https://www.umassmed.edu/education/school-of-medicine/about-this-school/
University of Nevada, Reno School of Medicine;https://med.unr.edu/education/medical-education
University of New Mexico School of Medicine;https://hsc.unm.edu/medicine/education/md/
University of Rochester School of Medicine and Dentistry;https://www.urmc.rochester.edu/education/md
University of South Carolina School of Medicine Columbia;https://sc.edu/study/colleges_schools/medicine
University of Texas Health Science Center at Houston (UTHealth) Medical School;https://med.uth.edu/oep/medical-education-2/
Virginia Commonwealth University School of Medicine;https://med.vcu.edu
Wake Forest School of Medicine;https://school.wakehealth.edu/education-and-training/md-program
Wayne State University School of Medicine;https://medicine.wayne.edu