Medical_School,Website,Subpage_URL
University of Utah School of Medicine,https://medicine.utah.edu/programs/md,https://medicine.utah.edu
University of Utah School of Medicine,https://medicine.utah.edu/programs/md,https://medicine.utah.edu/
University of Utah School of Medicine,https://medicine.utah.edu/programs/md,https://medicine.utah.edu/about
University of Utah School of Medicine,https://medicine.utah.edu/programs/md,https://medicine.utah.edu/alumni
University of Utah School of Medicine,https://medicine.utah.edu/programs/md,https://medicine.utah.edu/departments-divisions
University of Utah School of Medicine,https://medicine.utah.edu/programs/md,https://medicine.utah.edu/gme
University of Utah School of Medicine,https://medicine.utah.edu/programs/md,https://medicine.utah.edu/oacc
University of Utah School of Medicine,https://medicine.utah.edu/programs/md,https://medicine.utah.edu/programs
University of Utah School of Medicine,https://medicine.utah.edu/programs/md,https://medicine.utah.edu/programs/md
University of Utah School of Medicine,https://medicine.utah.edu/programs/md,https://medicine.utah.edu/programs/md#main-content
University of Utah School of Medicine,https://medicine.utah.edu/programs/md,https://medicine.utah.edu/programs/md/2023
University of Utah School of Medicine,https://medicine.utah.edu/programs/md,https://medicine.utah.edu/programs/md/2023/house-model
University of Utah School of Medicine,https://medicine.utah.edu/programs/md,https://medicine.utah.edu/programs/md/2023/student-led-clinics
University of Utah School of Medicine,https://medicine.utah.edu/programs/md,https://medicine.utah.edu/programs/md/admissions
University of Utah School of Medicine,https://medicine.utah.edu/programs/md,https://medicine.utah.edu/programs/md/admissions/accepted
University of Utah School of Medicine,https://medicine.utah.edu/programs/md,https://medicine.utah.edu/programs/md/admissions/events
University of Utah School of Medicine,https://medicine.utah.edu/programs/md,https://medicine.utah.edu/programs/md/admissions/faqs
University of Utah School of Medicine,https://medicine.utah.edu/programs/md,https://medicine.utah.edu/programs/md/admissions/preparing
University of Utah School of Medicine,https://medicine.utah.edu/programs/md,https://medicine.utah.edu/programs/md/admissions/requirements
University of Utah School of Medicine,https://medicine.utah.edu/programs/md,https://medicine.utah.edu/programs/md/admissions/residency
University of Utah School of Medicine,https://medicine.utah.edu/programs/md,https://medicine.utah.edu/programs/md/admissions/southern-utah-regional-campus
University of Utah School of Medicine,https://medicine.utah.edu/programs/md,https://medicine.utah.edu/programs/md/admissions/timeline
University of Utah School of Medicine,https://medicine.utah.edu/programs/md,https://medicine.utah.edu/programs/md/curriculum
University of Utah School of Medicine,https://medicine.utah.edu/programs/md,https://medicine.utah.edu/programs/md/curriculum/assessment-program
University of Utah School of Medicine,https://medicine.utah.edu/programs/md,https://medicine.utah.edu/programs/md/curriculum/core-educator
University of Utah School of Medicine,https://medicine.utah.edu/programs/md,https://medicine.utah.edu/programs/md/curriculum/courses
University of Utah School of Medicine,https://medicine.utah.edu/programs/md,https://medicine.utah.edu/programs/md/curriculum/faculty-staff
University of Utah School of Medicine,https://medicine.utah.edu/programs/md,https://medicine.utah.edu/programs/md/curriculum/longitudinal-clerkships
University of Utah School of Medicine,https://medicine.utah.edu/programs/md,https://medicine.utah.edu/programs/md/curriculum/objectives
University of Utah School of Medicine,https://medicine.utah.edu/programs/md,https://medicine.utah.edu/programs/md/curriculum/pathways
University of Utah School of Medicine,https://medicine.utah.edu/programs/md,https://medicine.utah.edu/programs/md/curriculum/rural-primary-care
University of Utah School of Medicine,https://medicine.utah.edu/programs/md,https://medicine.utah.edu/programs/md/curriculum/scholarly-activity
University of Utah School of Medicine,https://medicine.utah.edu/programs/md,https://medicine.utah.edu/programs/md/education-quality-improvement
University of Utah School of Medicine,https://medicine.utah.edu/programs/md,https://medicine.utah.edu/programs/md/education-quality-improvement/evaluation
University of Utah School of Medicine,https://medicine.utah.edu/programs/md,https://medicine.utah.edu/programs/md/financial-aid
University of Utah School of Medicine,https://medicine.utah.edu/programs/md,https://medicine.utah.edu/programs/md/financial-aid/apply
University of Utah School of Medicine,https://medicine.utah.edu/programs/md,https://medicine.utah.edu/programs/md/financial-aid/checklist
University of Utah School of Medicine,https://medicine.utah.edu/programs/md,https://medicine.utah.edu/programs/md/financial-aid/contact
University of Utah School of Medicine,https://medicine.utah.edu/programs/md,https://medicine.utah.edu/programs/md/financial-aid/eligibility
University of Utah School of Medicine,https://medicine.utah.edu/programs/md,https://medicine.utah.edu/programs/md/financial-aid/faqs
University of Utah School of Medicine,https://medicine.utah.edu/programs/md,https://medicine.utah.edu/programs/md/financial-aid/medical-school-loans
University of Utah School of Medicine,https://medicine.utah.edu/programs/md,https://medicine.utah.edu/programs/md/financial-aid/other-information
University of Utah School of Medicine,https://medicine.utah.edu/programs/md,https://medicine.utah.edu/programs/md/financial-aid/scholarship-programs
University of Utah School of Medicine,https://medicine.utah.edu/programs/md,https://medicine.utah.edu/search
University of Utah School of Medicine,https://medicine.utah.edu/programs/md,https://medicine.utah.edu/students/services
